from-file-path -> to-file-path   #DO NOT DELETE THIS LINE
docs/guides/azure-deployments/cloud-services/cloud-service-concepts/cloud-service-deployment-step.md -> docs/deploying-applications/azure-deployments/cloud-services/cloud-service-concepts.md
docs/guides/azure-deployments/resource-groups/deploy-using-an-azure-resource-group-template.md -> docs/deploying-applications/azure-deployments/resource-groups/index.md
docs/guides/azure-deployments/web-apps/web-app-concepts/packaging-web-apps.md -> docs/deploying-applications/azure-deployments/web-apps/web-app-concepts.md
docs/guides/azure-deployments/web-apps/web-app-concepts/web-app-deployment-step/preserve-specific-paths-when-deploying-azure-web-app.md -> docs/deploying-applications/azure-deployments/web-apps/web-app-concepts.md
docs/guides/azure-deployments/web-apps/web-app-concepts/web-app-deployment-step/index.md -> docs/deploying-applications/azure-deployments/web-apps/web-app-concepts.md
docs/guides/azure-deployments/web-apps/web-app-concepts/web-app-accounts.md -> docs/deploying-applications/azure-deployments/web-apps/web-app-concepts.md
docs/guides/multi-tenant-deployments/other-scenarios-for-multi-tenant-deployments.md -> docs/guides/multi-tenant-deployments/index.md
docs/guides/multi-tenant-deployments/multi-tenant-deployments-prior-to-octopus-3.4/migrating-to-octopus-3.4.md -> docs/guides/multi-tenant-deployments/multi-tenant-deployments-prior-to-octopus-3.4/index.md
docs/deploying-applications/docker-containers/docker-compose.md -> docs/deploying-applications/docker-containers/index.md
docs/guides/elastic-and-transient-environments/deploying-to-transient-targets-copy.md -> docs/guides/elastic-and-transient-environments/deploying-to-transient-targets.md
docs/administration/high-availability/removing-high-availability-nodes.md -> docs/administration/high-availability/managing-high-availability-nodes.md
docs/administration/upgrading/migrating-from-redgate-deployment-manager-to-octopus-deploy.md -> docs/administration/upgrading/index.md
docs/administration/how-to-move-the-octopus-server-to-another-server-or-vm.md -> docs/administration/server-configuration-and-file-storage/moving-octopus-server-folders.md
docs/deploying-applications/custom-scripts/naked-scripting.md -> docs/deploying-applications/custom-scripts/raw-scripting.md
docs/guides/azure-deployments/cloud-services/cloud-service-concepts/cloud-service-accounts.md -> docs/deploying-applications/azure-deployments/cloud-services/getting-started-with-azure-cloud-services.md
docs/deploying-applications/deploying-to-azure/deploying-a-package-to-an-azure-web-app/using-deployment-slots-with-azure-web-apps-copy.md -> docs/deploying-applications/deploying-to-azure/deploying-a-package-to-an-azure-web-app/using-deployment-slots-with-azure-web-apps.md
docs/guides/azure-deployments/cloud-services/cloud-service-concepts/packaging-cloud-services.md -> docs/deploying-applications/deploying-to-azure/deploying-a-package-to-an-azure-cloud-service/index.md
docs/deploying-applications/docker-containers/docker-registries-as-feeds.md -> docs/packaging-applications/package-repositories/registries/index.md
docs/administration/retention-policies/retention-policies-and-channels.md -> docs/administration/retention-policies/index.md
docs/administration/moving-your-octopus/replicating-your-octopus-instance-in-a-test-environment.md -> docs/administration/moving-your-octopus/index.md
docs/guides/use-the-team-foundation-build-custom-task/build-versions-in-team-build.md -> docs/api-and-integration/tfs-vsts/index.md
docs/guides/use-the-team-foundation-build-custom-task -> docs/api-and-integration/tfs-vsts/index.md
docs/api-and-integration/visual-studio-team-services-vsts -> docs/api-and-integration/tfs-vsts/index.md
docs/api-and-integration/team-foundation-server-tfs -> docs/api-and-integration/tfs-vsts/index.md
docs/guides/use-the-team-foundation-build-custom-task/extension-compatibility -> docs/api-and-integration/tfs-vsts/using-octopus-extension/extension-compatibility.md
docs/guides/use-the-team-foundation-build-custom-task/manually-install-the-build-task -> docs/api-and-integration/tfs-vsts/using-octopus-extension/manually-install-the-build-task.md
docs/images/lets-encrypt-integration/configure-lets-encrypt-dialog.png -> docs/administration/lets-encrypt-dialog.png
docs/images/lets-encrypt-integration/configure-lets-encrypt.png -> docs/administration/lets-encrypt.png
docs/administration/subscription_events.md -> docs/administration/subscription-events.md
docs/installation/installing-tentacles/running-tentacle-under-a-specific-user-account-for-use-in-powershell.md -> docs/infrastructure/windows-targets/running-tentacle-under-a-specific-user-account.md
docs/reference/download-permalinks.md -> docs/installation/index.md
docs/key-concepts/environments/index.md -> docs/infrastructure/environments/index.md
docs/key-concepts/environments/machine-policies.md -> docs/infrastructure/environments/machine-policies.md
docs/key-concepts/projects/index.md -> docs/deploying-applications/deployment-process/projects/index.md
docs/key-concepts/projects/deployment-processes.md -> docs/deploying-applications/deployment-process/index.md
docs/key-concepts/projects/releases.md -> docs/deploying-applications/deployment-process/releases/index.md
docs/key-concepts/projects/channels.md -> docs/deploying-applications/deployment-process/channels.md
docs/key-concepts/projects/project-triggers.md -> docs/deploying-applications/deployment-process/project-triggers.md
docs/key-concepts/projects/reporting.md -> docs/deploying-applications/deployment-process/projects/reporting.md
docs/key-concepts/project-groups.md -> docs/deploying-applications/deployment-process/projects/index.md
docs/key-concepts/lifecycles.md -> docs/deploying-applications/deployment-process/projects/lifecycles/index.md
docs/key-concepts/tenants.md -> docs/guides/multi-tenant-deployments/index.md
docs/key-concepts/index.md -> docs/getting-started.md
docs/key-concepts/tenants/tenant-tags -> docs/reference/tenant-tags.md
docs/packaging-applications/nuget-packages/index.md -> docs/packaging-applications/creating-packages/nuget-packages/index.md
docs/packaging-applications/nuget-packages/manually.md -> docs/packaging-applications/creating-packages/nuget-packages/manually.md
docs/packaging-applications/nuget-packages/using-nuget.exe.md -> docs/packaging-applications/creating-packages/nuget-packages/using-nuget.exe.md
docs/packaging-applications/nuget-packages/using-octo.exe.md -> docs/packaging-applications/creating-packages/nuget-packages/using-octo.exe.md
docs/packaging-applications/nuget-packages/using-octopack/index.md -> docs/packaging-applications/creating-packages/nuget-packages/using-octopack/index.md
docs/packaging-applications/nuget-packages/using-octopack/octopack-to-include-buildevent-files.md -> docs/packaging-applications/creating-packages/nuget-packages/using-octopack/octopack-to-include-buildevent-files.md
docs/packaging-applications/creating-zip-packages.md -> docs/packaging-applications/creating-packages/creating-zip-packages.md
docs/installation/installing-octopus/index.md -> docs/installation/index.md
docs/installation/installing-octopus/automating-installation.md -> docs/installation/automating-installation.md
docs/installation/installing-octopus/permissions-required-for-the-octopus-windows-service.md -> docs/installation/permissions-required-for-the-octopus-windows-service.md
docs/installation/installing-octopus/sql-server-database-requirements.md -> docs/installation/sql-server-database-requirements.md
docs/installation/installing-tentacles/index.md -> docs/infrastructure/windows-targets/index.md
docs/installation/installing-tentacles/listening-tentacles.md -> docs/infrastructure/windows-targets/listening-tentacles.md
docs/installation/installing-tentacles/polling-tentacles.md -> docs/infrastructure/windows-targets/polling-tentacles.md
docs/installation/installing-tentacles/polling-tentacles-web-sockets.md -> docs/infrastructure/windows-targets/polling-tentacles-web-sockets.md
docs/installation/installing-tentacles/automating-tentacle-installation.md -> docs/infrastructure/windows-targets/automating-tentacle-installation.md
docs/guides/multi-tenant-deployments/multi-tenant-deployments-prior-to-octopus-3.4.md -> docs/guides/multi-tenant-deployments/index.md
docs/deployment-targets/index.md -> docs/infrastructure/index.md
docs/deployment-targets/cloud-regions.md -> docs/infrastructure/cloud-regions.md
docs/deployment-targets/offline-package-drop.md -> docs/infrastructure/offline-package-drop.md
docs/deployment-targets/environments/index.md -> docs/infrastructure/environments/index.md
docs/deployment-targets/environments/machine-policies.md -> docs/infrastructure/environments/machine-policies.md
docs/deployment-targets/environments/accounts/index.md -> docs/infrastructure/index.md
docs/infrastructure/environments/accounts/index.md -> docs/infrastructure/index.md
docs/deployment-targets/environments/accounts/azure-account.md -> docs/infrastructure/azure/index.md
docs/deployment-targets/environments/accounts/ssh-key-pair.md -> docs/infrastructure/ssh-targets/ssh-key-pair.md
docs/infrastructure/environments/accounts/ssh-key-pair.md -> docs/infrastructure/ssh-targets/ssh-key-pair.md
docs/deployment-targets/environments/accounts/username-and-password.md -> docs/infrastructure/ssh-targets/username-and-password.md
docs/infrastructure/environments/accounts/username-and-password.md -> docs/infrastructure/ssh-targets/username-and-password.md
docs/deployment-targets/machine-roles/index.md -> docs/infrastructure/environments/target-roles/index.md
docs/infrastructure/target-roles/index.md -> docs/infrastructure/environments/target-roles/index.md
docs/deployment-targets/ssh-targets/index.md -> docs/infrastructure/ssh-targets/index.md
docs/deployment-targets/ssh-targets/configuring-ssh-connection.md -> docs/infrastructure/ssh-targets/configuring-ssh-connection.md
docs/deployment-targets/ssh-targets/mono-calamari.md -> docs/infrastructure/ssh-targets/mono-calamari.md
docs/deployment-targets/ssh-targets/self-contained-calamari.md -> docs/infrastructure/ssh-targets/self-contained-calamari.md
docs/deployment-targets/ssh-targets/sudo-commands.md -> docs/infrastructure/ssh-targets/sudo-commands.md
docs/deployment-targets/windows-targets/index.md -> docs/infrastructure/windows-targets/index.md
docs/deployment-targets/windows-targets/automating-tentacle-installation.md -> docs/infrastructure/windows-targets/automating-tentacle-installation.md
docs/deployment-targets/windows-targets/listening-tentacles.md -> docs/infrastructure/windows-targets/listening-tentacles.md
docs/deployment-targets/windows-targets/polling-tentacles.md -> docs/infrastructure/windows-targets/polling-tentacles.md
docs/deployment-targets/windows-targets/polling-tentacles-web-sockets.md -> docs/infrastructure/windows-targets/polling-tentacles-web-sockets.md
docs/deployment-targets/windows-targets/proxy-support.md -> docs/infrastructure/windows-targets/proxy-support.md
docs/deployment-targets/windows-targets/azure-virtual-machines/index.md -> docs/infrastructure/windows-targets/azure-virtual-machines/index.md
docs/deployment-targets/windows-targets/azure-virtual-machines/configuration-structure.md -> docs/infrastructure/windows-targets/azure-virtual-machines/configuration-structure.md
docs/deployment-targets/windows-targets/azure-virtual-machines/diagnosing-issues.md -> docs/infrastructure/windows-targets/azure-virtual-machines/diagnosing-issues.md
docs/deployment-targets/windows-targets/azure-virtual-machines/via-an-arm-template.md -> docs/infrastructure/windows-targets/azure-virtual-machines/via-an-arm-template.md
docs/deployment-targets/windows-targets/azure-virtual-machines/via-an-arm-template-with-dsc.md -> docs/infrastructure/windows-targets/azure-virtual-machines/via-an-arm-template-with-dsc.md
docs/deployment-targets/windows-targets/azure-virtual-machines/via-powershell.md -> docs/infrastructure/windows-targets/azure-virtual-machines/via-powershell.md
docs/deployment-targets/windows-targets/azure-virtual-machines/via-the-azure-cli.md -> docs/infrastructure/windows-targets/azure-virtual-machines/via-the-azure-cli.md
docs/deployment-targets/windows-targets/azure-virtual-machines/via-the-azure-portal.md -> docs/infrastructure/windows-targets/azure-virtual-machines/via-the-azure-portal.md
docs/deployment-targets/windows-targets/azure-virtual-machines/via-the-classic-azure-portal.md -> docs/infrastructure/windows-targets/azure-virtual-machines/via-the-classic-azure-portal.md
docs/deployment-targets/windows-targets/running-tentacle-under-a-specific-user-account.md -> docs/infrastructure/windows-targets/running-tentacle-under-a-specific-user-account.md
docs/deployment-targets/azure-web-apps.md -> docs/infrastructure/azure/index.md
docs/infrastructure/azure-web-apps.md -> docs/infrastructure/azure/index.md
docs/deployment-targets/azure-cloud-service-targets.md -> docs/infrastructure/azure/index.md
docs/deployment-targets/azure-cloud-service-target.md -> docs/infrastructure/azure/index.md
docs/infrastructure/azure-cloud-service-target.md -> docs/infrastructure/azure/index.md
docs/infrastructure/environments/accounts/azure-account.md -> docs/infrastructure/azure/index.md
docs/guides/azure-deployments/creating-an-azure-account/index.md -> docs/infrastructure/azure/creating-an-azure-account/index.md
docs/guides/azure-deployments/creating-an-azure-management-certificate-account.md -> docs/infrastructure/azure/creating-an-azure-account/creating-an-azure-management-certificate-account.md
docs/guides/azure-deployments/creating-an-azure-account/creating-an-azure-service-principal-account.md -> docs/infrastructure/azure/creating-an-azure-account/creating-an-azure-service-principal-account.md
docs/guides/azure-deployments/creating-an-azure-account/creating-an-azure-management-certificate-account.md -> docs/infrastructure/azure/creating-an-azure-account/creating-an-azure-management-certificate-account.md
docs/api-and-integration/bamboo/bamboo-plugin.md -> docs/api-and-integration/bamboo.md
docs/guides/deploying-html-and-javascript-applications.md -> docs/deploying-applications/deploying-html-and-javascript-applications.md
docs/guides/deploying-java-applications.md -> docs/deploying-applications/deploying-java-applications.md
docs/guides/node-on-nix-deployments/configure-octopus-deploy-project.md -> docs/deploying-applications/node-on-nix-deployments/configure-octopus-deploy-project.md
docs/guides/node-on-nix-deployments/configuring-target-machine.md -> docs/deploying-applications/node-on-nix-deployments/configuring-target-machine.md
docs/guides/node-on-nix-deployments/create-&-push-node.js-project.md -> docs/deploying-applications/node-on-nix-deployments/create-&-push-node.js-project.md
docs/guides/node-on-nix-deployments/index.md -> docs/deploying-applications/node-on-nix-deployments/index.md
docs/guides/deploying-asp.net-core-web-applications/index.md -> docs/deploying-applications/deploying-asp.net-core-web-applications/index.md
docs/guides/deploying-asp.net-core-web-applications/json-configuration-variables-feature.md -> docs/deploying-applications/deploying-asp.net-core-web-applications/json-configuration-variables-feature.md
docs/guides/coordinating-multiple-projects/index.md -> docs/deploying-applications/deployment-process/coordinating-multiple-projects/index.md
docs/guides/coordinating-multiple-projects/project-coordination-code-samples.md -> docs/deploying-applications/deployment-process/coordinating-multiple-projects/project-coordination-code-samples.md
docs/guides/azure-deployments/index.md -> docs/deploying-applications/azure-deployments/index.md
docs/guides/azure-deployments/azure-environments.md -> docs/deploying-applications/azure-deployments/azure-environments.md
docs/guides/azure-deployments/varying-azure-subscription-by-environment.md -> docs/deploying-applications/azure-deployments/varying-azure-subscription-by-environment.md
docs/guides/azure-deployments/cloud-services/index.md -> docs/deploying-applications/azure-deployments/cloud-services/index.md
docs/guides/azure-deployments/cloud-services/cloud-service-concepts.md -> docs/deploying-applications/azure-deployments/cloud-services/cloud-service-concepts.md
docs/guides/azure-deployments/cloud-services/getting-started-with-azure-cloud-services.md -> docs/deploying-applications/azure-deployments/cloud-services/getting-started-with-azure-cloud-services.md
docs/guides/azure-deployments/cloud-services/vip-swap.md -> docs/deploying-applications/azure-deployments/cloud-services/vip-swap.md
docs/guides/azure-deployments/resource-groups/index.md -> docs/deploying-applications/azure-deployments/resource-groups/index.md
docs/guides/azure-deployments/running-azure-powershell/index.md -> docs/deploying-applications/azure-deployments/running-azure-powershell/index.md
docs/guides/azure-deployments/running-azure-powershell/configuring-the-version-of-the-azure-powershell-modules.md -> docs/deploying-applications/azure-deployments/running-azure-powershell/configuring-the-version-of-the-azure-powershell-modules.md
docs/guides/azure-deployments/web-apps/index.md -> docs/deploying-applications/azure-deployments/web-apps/index.md
docs/guides/azure-deployments/web-apps/getting-started-with-azure-web-apps.md -> docs/deploying-applications/azure-deployments/web-apps/getting-started-with-azure-web-apps.md
docs/guides/azure-deployments/web-apps/web-app-concepts.md -> docs/deploying-applications/azure-deployments/web-apps/web-app-concepts.md
docs/deploying-applications/projects/index.md -> docs/deploying-applications/deployment-process/projects/index.md
docs/deploying-applications/projects/channels.md -> docs/deploying-applications/deployment-process/channels.md
docs/deploying-applications/projects/project-groups.md -> docs/deploying-applications/deployment-process/projects/index.md
docs/deploying-applications/projects/project-triggers.md -> docs/deploying-applications/deployment-process/project-triggers.md
docs/deploying-applications/projects/reporting.md -> docs/deploying-applications/deployment-process/projects/reporting.md
docs/deploying-applications/projects/releases.md -> docs/deploying-applications/deployment-process/releases/index.md 
docs/deploying-applications/projects/lifecycles/index.md -> docs/deploying-applications/deployment-process/projects/lifecycles/index.md
docs/deploying-applications/adding-steps.md -> docs/deploying-applications/deployment-process/steps/index.md
docs/deploying-applications/projects/deployment-processes.md -> docs/deploying-applications/deployment-process/index.md
docs/deploying-applications/variables/index.md -> docs/deploying-applications/deployment-process/variables/index.md
docs/deploying-applications/variables/binding-syntax.md -> docs/deploying-applications/deployment-process/variables/binding-syntax.md
docs/deploying-applications/variables/certificate-variables.md -> docs/deploying-applications/deployment-process/variables/certificate-variables.md
docs/deploying-applications/variables/library-variable-sets.md -> docs/deploying-applications/deployment-process/variables/library-variable-sets.md
docs/deploying-applications/variables/output-variables.md -> docs/deploying-applications/deployment-process/variables/output-variables.md
docs/deploying-applications/variables/prompted-variables.md -> docs/deploying-applications/deployment-process/variables/prompted-variables.md
docs/deploying-applications/variables/scoping-variables.md -> docs/deploying-applications/deployment-process/variables/scoping-variables.md
docs/deploying-applications/variables/sensitive-variables.md -> docs/deploying-applications/deployment-process/variables/sensitive-variables.md
docs/deploying-applications/variables/system-variables.md -> docs/deploying-applications/deployment-process/variables/system-variables.md
docs/deploying-applications/variables/variable-templates.md -> docs/deploying-applications/deployment-process/variables/variable-templates.md
docs/deploying-applications/step-templates/index.md -> docs/deploying-applications/deployment-process/steps/index.md
docs/deploying-applications/step-templates/community-step-templates.md -> docs/deploying-applications/deployment-process/steps/community-step-templates.md
docs/deploying-applications/step-templates/custom-step-templates.md -> docs/deploying-applications/deployment-process/steps/custom-step-templates.md
docs/deploying-applications/step-templates/exporting-step-templates.md -> docs/deploying-applications/deployment-process/steps/exporting-step-templates.md
docs/deploying-applications/step-templates/updating-step-templates.md -> docs/deploying-applications/deployment-process/steps/updating-step-templates.md
docs/deploying-applications/maven-feeds.md -> docs/packaging-applications/package-repositories/maven-feeds.md
docs/deploying-applications/docker-containers/registries/index.md -> docs/packaging-applications/package-repositories/registries/index.md
docs/deploying-applications/docker-containers/registries/amazon-ec2-container-services.md -> docs/packaging-applications/package-repositories/registries/amazon-ec2-container-services.md
docs/deploying-applications/docker-containers/registries/azure-container-services.md -> docs/packaging-applications/package-repositories/registries/azure-container-services.md
docs/deploying-applications/docker-containers/registries/docker-hub.md -> docs/packaging-applications/package-repositories/registries/docker-hub.md
docs/deploying-applications/guided-failures.md -> docs/deploying-applications/deployment-process/releases/guided-failures.md
docs/deploying-applications/deployment-process/guided-failures.md -> docs/deploying-applications/deployment-process/releases/guided-failures.md
docs/deploying-applications/deploying-packages/index.md -> docs/deploying-applications/deployment-process/deploying-packages/index.md
docs/deploying-applications/deploying-packages/dynamically-selecting-packages.md -> docs/deploying-applications/deployment-process/deploying-packages/dynamically-selecting-packages.md
docs/deploying-applications/deploying-packages/transfer-package.md -> docs/deploying-applications/deployment-process/deploying-packages/transfer-package.md
docs/deploying-applications/deploying-packages/troubleshoot-missing-packages.md -> docs/deploying-applications/deployment-process/deploying-packages/troubleshoot-missing-packages.md
docs/deploying-applications/performance.md -> docs/deploying-applications/deployment-process/performance.md
docs/deploying-applications/configuration-files/index.md -> docs/deploying-applications/deployment-process/configuration-files/index.md
docs/deploying-applications/configuration-files/advanced-configuration-transforms-examples.md -> docs/deploying-applications/deployment-process/configuration-files/advanced-configuration-transforms-examples.md
docs/deploying-applications/custom-installation-directory.md -> docs/deploying-applications/deployment-process/custom-installation-directory.md
docs/deploying-applications/artifacts.md -> docs/deploying-applications/deployment-process/artifacts.md
docs/deploying-applications/automatic-deployment-triggers.md -> docs/deploying-applications/deployment-process/project-triggers.md
docs/deploying-applications/automatic-release-creation.md -> docs/deploying-applications/deployment-process/steps/automatic-release-creation.md
docs/deploying-applications/deployment-process/automatic-release-creation.md -> docs/deploying-applications/deployment-process/steps/automatic-release-creation.md
docs/deploying-applications/blocking-deployments.md -> docs/deploying-applications/deployment-process/blocking-deployments.md
docs/deploying-applications/delta-compression-for-package-transfers.md -> docs/deploying-applications/deployment-process/delta-compression-for-package-transfers.md
docs/deploying-applications/deploying-virtual-hard-drives.md -> docs/deploying-applications/deployment-process/deploying-virtual-hard-drives.md
docs/deploying-applications/email-notifications.md -> docs/deploying-applications/deployment-process/email-notifications.md
docs/deploying-applications/manual-intervention-and-approvals.md -> docs/deploying-applications/deployment-process/manual-intervention-and-approvals.md
docs/deploying-applications/run-steps-in-parallel.md -> docs/deploying-applications/deployment-process/run-steps-in-parallel.md
docs/deploying-applications/scheduled-deployments.md -> docs/deploying-applications/deployment-process/scheduled-deployments.md
docs/deploying-applications/substitute-variables-in-files.md -> docs/deploying-applications/deployment-process/substitute-variables-in-files.md
docs/deploying-applications/coordinating-multiple-projects/index.md -> docs/deploying-applications/deployment-process/coordinating-multiple-projects/index.md
docs/deploying-applications/coordinating-multiple-projects/project-coordination-code-samples.md -> docs/deploying-applications/deployment-process/coordinating-multiple-projects/project-coordination-code-samples.md
docs/deploying-applications/deployment-process/projects/project-triggers.md -> docs/deploying-applications/deployment-process/project-triggers.md
docs/deploying-applications/deployment-process/projects/channels.md -> docs/deploying-applications/deployment-process/channels.md
docs/deploying-applications/deployment-process/automatic-deployment-triggers.md -> docs/deploying-applications/deployment-process/project-triggers.md
docs/deploying-applications/deployment-process/projects/releases.md -> docs/deploying-applications/deployment-process/releases/index.md